Designator,Quantity,Value,Footprint,Package,MPN,DNP,Mount_Type,Description,Manufacturer,Manufacturer Product Number,Sim.Pin,Height,PN,PROD_ID, Part Number,MANUFACTURER_NAME,MF,MOUSER_PRICE-STOCK,DESCRIPTION,MOUSER_PART_NUMBER,Price,Check_prices,HEIGHT,SnapEDA_Link,MP,Description_1,Availability,MANUFACTURER_PART_NUMBER,MAXIMUM_PACKAGE_HEIGHT,STANDARD,PARTREV,Purchase-URL,MANUFACTURER
"C1, C10, C11, C15, C3, C30",6,1u,C_0603_1608Metric,,,,smt,~,YAGEO,CC0603JRX7R6BB105,,,,,,,,,,,,,,,,,,,,,,,
"C12, C13, C14, C4, C7, C8, C9",7,100n,C_0603_1608Metric,,,,smt,~,Vishay Vitramon,VJ0603Y104JXQPW1BC,,,,,,,,,,,,,,,,,,,,,,,
"C17, C19, C28, C31",4,100p,C_0603_1608Metric,,,,smt,~,KEMET,C0603C101J8GACTU,,,,,,,,,,,,,,,,,,,,,,,
C18,1,10n,C_0603_1608Metric,,,,smt,~,KEMET,C0603C103K8RACTU,,,,,,,,,,,,,,,,,,,,,,,
"C2, C5",2,22u,C_1206_3216Metric,,,,smt,~,Samsung Electro-Mechanics,CL31B226MPHNNNE,,,,,,,,,,,,,,,,,,,,,,,
D1,1,White,LED_0603_1608Metric_Pad1.05x0.95mm_HandSolder,,160-LTST-T180UWETCT-ND,,smt,"Light emitting diode, small symbol",Lite-On Inc.,LTST-T180UWET,1=K 2=A,,,,,,,,,,,,,,,,,,,,,,
"D2, D6, D7",3,Green,LED_0603_1608Metric_Pad1.05x0.95mm_HandSolder,,754-APT1608SGD3CT-ND,,smt,"Light emitting diode, small symbol",Kingbright,APT1608SGD3,1=K 2=A,,,,,,,,,,,,,,,,,,,,,,
D3,1,Red,LED_0603_1608Metric_Pad1.05x0.95mm_HandSolder,,160-1479-1-ND,,smt,"Light emitting diode, small symbol",Lite-On Inc.,LTST-S270KRKT,1=K 2=A,,,,,,,,,,,,,,,,,,,,,,
"D4, D5",2,Yellow,LED_0603_1608Metric_Pad1.05x0.95mm_HandSolder,,160-1437-1-ND,,smt,"Light emitting diode, small symbol",Lite-On Inc.,LTST-C190KSKT,1=K 2=A,,,,,,,,,,,,,,,,,,,,,,
"FL1, FL2",2,LFCN-490,Filter_Mini-Circuits_FV1206,,3157-LFCN-490+CT-ND,,smt,~,Mini-Circuits,LFCN-490+,,,,,,,,,,,,,,,,,,,,,,,
IC1,1,SX1255,QFN50P500X500X80-33N-D,,SX1255IWLTRT,,smt,~,Semtech Corporation,SX1255IWLTRT,,0.8,947-SX1255IWLTRT,,,,,,,,,,,,,,,,,,,,
"J1, J2",2,U.FL,U.FL,,343-CONMHF1-SMD-G-TCT-ND,,smt,~,TE Connectivity Linx,CONMHF1-SMD-G-T,,,,CONN-09193,,,,,,,,,,,,,,,,,,,
L1,1,600 ohm/100MHz,L_0603_1608Metric,,490-1033-1-ND,,smt,"Inductor with ferrite core, small symbol",Murata Electronics,BLM18HG601SN1D,,,,,,,,,,,,,,,,,,,,,,,
L2,1,82n,L_0603_1608Metric,,,,smt,~,Johanson Technology Inc.,LRC0603CJ82NGV001T,,,,,,,,,,,,,,,,,,,,,,,
L3,1,39n,L_0603_1608Metric,,,,smt,~,Johanson Technology Inc.,LRC0603CJ39NGV001T,,,,,,,,,,,,,,,,,,,,,,,
L4,1,68nH,L_0603_1608Metric,,,,smt,~,Johanson Technology Inc.,LRC0603CJ68NGV001T,,,,,712-LRC0603CJ68NGV001TCT-ND,,,,,,,,,,,,,,,,,,
Q1,1,BSS84,SOT-23,,3372-BSS84TR-ND,,smt,~,MDD,BSS84,,,,,,,,,,,,,,,,,,,,,,,
R10,1,1K,R_0603_1608Metric,,,,smt,~,Vishay Dale,CRCW06031K00FKEA,,,,,,,,,,,,,,,,,,,,,,,
"R11, R13, R26, R27",4,1M,R_0603_1608Metric,,,,smt,~,Vishay Dale,CRCW06031M00FKEA,,,,,,,,,,,,,,,,,,,,,,,
"R12, R17, R18, R19, R21, R23, R24, R30, R5, R6, R8",11,330R,R_0603_1608Metric,,,,smt,~,Vishay Dale,CRCW0603330RFKEA,,,,,,,,,,,,,,,,,,,,,,,
"R14, R16, R20, R22, R28",5,33R,R_0603_1608Metric,,,,smt,~,Vishay Dale,CRCW060333R0FKEA,,,,,,,,,,,,,,,,,,,,,,,
"R15, R38, R39, R9",4,3K3,R_0603_1608Metric,,,,smt,~,Vishay Dale,CRCW06033K30FKEA,,,,,,,,,,,,,,,,,,,,,,,
"R2, R7",2,0R,R_0603_1608Metric,,,,smt,~,Vishay Dale,CRCW06030000Z0EA,,,,,,,,,,,,,,,,,,,,,,,
R25,1,10K,R_0603_1608Metric,,,,smt,~,Vishay Dale,CRCW060310K0FKEA,,,,,,,,,,,,,,,,,,,,,,,
"R3, R31, R4",3,1R,R_0603_1608Metric,,,,smt,~,Vishay Dale,CRCW06031R00FKEA,,,,,,,,,,,,,,,,,,,,,,,
"R33, R36, R37",3,1K5,R_0603_1608Metric,,,,smt,~,Vishay Dale,CRCW06031K50JNEA,,,,,,,,,,,,,,,,,,,,,,,
R34,1,1K,R_0603_1608Metric,,541-1.00KHCT-ND,,smt,~,Vishay Dale,CRCW06031K00FKEA,,,,,,,,,,,,,,,,,,,,,,,
R35,1,330R,R_0603_1608Metric,,541-330HCT-ND,,smt,~,Vishay Dale,CRCW0603330RFKEA,,,,,,,,,,,,,,,,,,,,,,,
U1,1,MCP1703Ax-330xxDB,SOT-223-3_TabPin2,,MCP1703T-3302E/DBCT-ND,,smt,~,Microchip Technology,MCP1703T-3302E/DB,,,,,,,,,,,,,,,,,,,,,,,
U2,1,24LC256,SOIC-8_3.9x4.9mm_P1.27mm,,24LC256-I/SN-ND,,smt,~,Microchip Technology,24LC256-I/SN,,,,,,,,,,,,,,,,,,,,,,,
U3,1,74LVC1G74DP_125,SOP65P400X110-8N,TSSOP8-8 Nexperia USA Inc.,1727-5983-1-ND,,smt,~,Nexperia USA Inc.,"74LVC1G74DP,125",,,,,,Nexperia,NXP USA Inc.,https://www.mouser.co.uk/ProductDetail/Nexperia/74LVC1G74DP125?qs=me8TqzrmIYWtKZiCsFqsMg%3D%3D,74LVC1G74 - Single D-type flip-flop with set and reset; positive edge trigger@en-us,771-LVC1GDP125,None,"https://www.snapeda.com/parts/74LVC1G74DP,125/NXP+Semiconductors/view-part/?ref=eda",1.1mm,"https://www.snapeda.com/parts/74LVC1G74DP,125/NXP+Semiconductors/view-part/?ref=snap","74LVC1G74DP,125","Flip Flop 1 Element D-Type 1 Bit Positive Edge 8-TSSOP, 8-MSOP (0.118, 3.00mm Width)",In Stock,"74LVC1G74DP,125",,,,,
U4,1,TQP3M9036,SON50P200X200X95-9N,DFN-8 Qorvo,2312-TQP3M9036CT-ND,,smt,~,Qorvo,TQP3M9036,,,,,,,Qorvo,,,,None,https://www.snapeda.com/parts/TQP3M9036/Qorvo/view-part/?ref=eda,,https://www.snapeda.com/parts/TQP3M9036/Qorvo/view-part/?ref=snap,TQP3M9036,RF Amp Chip Single GP 2GHz 5.25V 8-Pin DFN EP T/R,In Stock,,0.95mm,IPC-7351B,N/A,https://www.snapeda.com/api/url_track_click_mouser/?unipart_id=1240987&manufacturer=Qorvo&part_name=TQP3M9036&search_term=None,Qorvo
Y1,1,38.4MHz,Oscillator_SMD_ECS_2520MV-xxx-xx-4Pin_2.5x2.0mm,,114-TG2520SMN38.4000M-MCGNNM3CT-ND,,smt,~,EPSON ,TG2520SMN 38.4000M-MCGNNM3,,,,,,,,,,,,,,,,,,,,,,,
